patient_id,eye,file,true_label,pred_label,prob_mild,prob_moderate,prob_severe
6028042,R,hvf_and)rnfl_gcc\HVF\Mild\108.dcm,mild,mild,0.5661768493319295,0.106409993607336,0.3274131570607349
6028042,L,hvf_and)rnfl_gcc\HVF\Mild\109.dcm,mild,mild,0.6375524514453204,0.09416526697901362,0.26828228157566597
1056868,L,hvf_and)rnfl_gcc\HVF\Mild\11.dcm,mild,mild,0.6427725421221598,0.15161401876044261,0.20561343911739727
1069363,R,hvf_and)rnfl_gcc\HVF\Mild\14.dcm,mild,severe,0.21013707818465935,0.1692566209614221,0.6206063008539187
1113194,R,hvf_and)rnfl_gcc\HVF\Mild\24.dcm,mild,mild,0.5435792150841664,0.13456235075872666,0.32185843415710685
1113194,L,hvf_and)rnfl_gcc\HVF\Mild\25.dcm,mild,mild,0.6262649863083815,0.1250579425155093,0.24867707117610915
2545117,R,hvf_and)rnfl_gcc\HVF\Mild\31.dcm,mild,mild,0.5601731922770314,0.2807104317266458,0.15911637599632295
2545117,L,hvf_and)rnfl_gcc\HVF\Mild\32.dcm,mild,mild,0.5617811570000483,0.26326119386945224,0.1749576491304997
2859391,R,hvf_and)rnfl_gcc\HVF\Mild\36.dcm,mild,mild,0.5787846695124486,0.10688556807504447,0.31432976241250693
2859391,L,hvf_and)rnfl_gcc\HVF\Mild\37.dcm,mild,mild,0.46352649033870563,0.2600747959564217,0.2763987137048729
3044906,R,hvf_and)rnfl_gcc\HVF\Mild\50.dcm,mild,mild,0.3881149861664062,0.2939708162479073,0.3179141975856866
3044906,L,hvf_and)rnfl_gcc\HVF\Mild\51.dcm,mild,mild,0.4170285847727559,0.3769953471123844,0.2059760681148597
3053130,R,hvf_and)rnfl_gcc\HVF\Mild\56.dcm,mild,mild,0.6680131923701412,0.11694394459170408,0.21504286303815462
3053130,L,hvf_and)rnfl_gcc\HVF\Mild\57.dcm,mild,mild,0.602101722014742,0.15988469508271208,0.23801358290254598
3058943,R,hvf_and)rnfl_gcc\HVF\Mild\62.dcm,mild,mild,0.7048294209027438,0.0936462211484528,0.20152435794880322
3441111,R,hvf_and)rnfl_gcc\HVF\Mild\68.dcm,mild,mild,0.4951750129905452,0.21498344544662534,0.2898415415628297
3441111,L,hvf_and)rnfl_gcc\HVF\Mild\69.dcm,mild,mild,0.46485173773647054,0.21352844460171724,0.3216198176618125
4172500,R,hvf_and)rnfl_gcc\HVF\Mild\76.dcm,mild,mild,0.7232375271237926,0.09253157833912837,0.1842308945370788
4172500,L,hvf_and)rnfl_gcc\HVF\Mild\77.dcm,mild,mild,0.69807810040828,0.09059970616107733,0.2113221934306426
4911182,R,hvf_and)rnfl_gcc\HVF\Mild\83.dcm,mild,mild,0.440135886082125,0.30538384618950665,0.2544802677283683
4911182,L,hvf_and)rnfl_gcc\HVF\Mild\84.dcm,mild,mild,0.48100720211048337,0.26758654443615243,0.25140625345336437
6018823,R,hvf_and)rnfl_gcc\HVF\Mild\98.dcm,mild,moderate,0.33727850450171865,0.43387931124560614,0.22884218425267505
6018823,L,hvf_and)rnfl_gcc\HVF\Mild\99.dcm,mild,moderate,0.42486392379462906,0.43484022501013586,0.1402958511952349
2506246,R,hvf_and)rnfl_gcc\HVF\Moderate\11.dcm,moderate,mild,0.5708079058608877,0.19351775196654972,0.23567434217256267
2506246,L,hvf_and)rnfl_gcc\HVF\Moderate\12.dcm,moderate,severe,0.3223216907977775,0.2931878277189992,0.3844904814832231
915908,L,hvf_and)rnfl_gcc\HVF\Moderate\3.dcm,moderate,mild,0.5208713596447971,0.23697882518044924,0.24214981517475356
1083094,R,hvf_and)rnfl_gcc\HVF\Moderate\6.dcm,moderate,mild,0.5881771679221551,0.1456477861090831,0.2661750459687619
1083094,L,hvf_and)rnfl_gcc\HVF\Moderate\7.dcm,moderate,mild,0.5469081184269324,0.20949738610375304,0.24359449546931464
1056868,R,hvf_and)rnfl_gcc\HVF\Severe\11.dcm,severe,severe,0.28859918689878167,0.1054325909608274,0.6059682221403908
2595709,L,hvf_and)rnfl_gcc\HVF\Severe\19.dcm,severe,moderate,0.352255267364392,0.40490190839304613,0.24284282424256176
3058943,L,hvf_and)rnfl_gcc\HVF\Severe\26.dcm,severe,mild,0.4341477536475594,0.23682362516575742,0.3290286211866831
5063020,R,hvf_and)rnfl_gcc\HVF\Severe\33.dcm,severe,mild,0.6809551615283417,0.09317437067877457,0.22587046779288392
5063020,L,hvf_and)rnfl_gcc\HVF\Severe\34.dcm,severe,mild,0.49399345039016607,0.24395470136802036,0.26205184824181366
915908,R,hvf_and)rnfl_gcc\HVF\Severe\4.dcm,severe,mild,0.42184054808334787,0.19859626802117936,0.37956318389547267
