si_no,eye,true_label,pred_label,prob_mild,prob_moderate,prob_severe
10,OS,mild,moderate,0.3551677465438843,0.36759063601493835,0.2772415578365326
16,OD,mild,severe,0.14105664193630219,0.27142104506492615,0.5875223278999329
17,OS,mild,severe,0.08140372484922409,0.1939610242843628,0.7246352434158325
19,OS,severe,severe,0.07781365513801575,0.18629467487335205,0.735891580581665
20,OD,mild,mild,0.5376521348953247,0.3246361017227173,0.1377117931842804
32,OD,mild,mild,0.3981773555278778,0.3232889771461487,0.2785336673259735
40,OD,moderate,moderate,0.3315144181251526,0.3945799469947815,0.27390560507774353
52,OD,severe,severe,0.18627731502056122,0.26915836334228516,0.5445643663406372
54,OD,mild,mild,0.6005818843841553,0.2879825532436371,0.11143561452627182
55,OS,mild,mild,0.5721038579940796,0.30294111371040344,0.12495502829551697
57,OS,mild,moderate,0.3045727014541626,0.3624126613140106,0.3330146074295044
75,OS,mild,mild,0.5733453631401062,0.3168036639690399,0.10985099524259567
77,OS,mild,mild,0.5599813461303711,0.2906566262245178,0.1493619978427887
84,OD,mild,mild,0.6140876412391663,0.2820414900779724,0.10387089103460312
86,OS,severe,severe,0.07677514106035233,0.17887085676193237,0.7443539500236511
92,OS,mild,mild,0.4300041198730469,0.3540208041667938,0.2159750610589981
95,OD,mild,severe,0.2548828721046448,0.3687375485897064,0.37637951970100403
96,OS,moderate,severe,0.2661568522453308,0.3589886426925659,0.3748544752597809
101,OS,mild,mild,0.4738250970840454,0.31767475605010986,0.20850013196468353
108,OD,mild,mild,0.419680655002594,0.38514724373817444,0.19517214596271515
110,OD,mild,mild,0.5786598324775696,0.301683247089386,0.11965695768594742
112,OD,severe,severe,0.1026092991232872,0.2311781942844391,0.6662124991416931
114,OD,severe,severe,0.10353697091341019,0.2432563304901123,0.6532067060470581
116,OD,mild,mild,0.47567126154899597,0.3543071150779724,0.1700216680765152
120,OD,mild,mild,0.4807016849517822,0.3435756266117096,0.1757226288318634
125,OS,mild,mild,0.5262230634689331,0.2955600619316101,0.178216814994812
127,OS,mild,moderate,0.3473888635635376,0.34903621673583984,0.30357494950294495
134,OS,mild,moderate,0.28690725564956665,0.3791070282459259,0.33398571610450745
139,OD,mild,mild,0.4973444938659668,0.30582395195961,0.1968316286802292
147,OD,severe,severe,0.042405132204294205,0.1328657567501068,0.8247291445732117
156,OD,moderate,moderate,0.33551061153411865,0.3616308271884918,0.3028585612773895
157,OS,moderate,mild,0.45240023732185364,0.3622126579284668,0.18538706004619598
160,OD,moderate,moderate,0.2700592279434204,0.37600427865982056,0.35393649339675903
168,OS,mild,mild,0.5564094185829163,0.26265108585357666,0.18093952536582947
