file,patient_id,eye,study_date,sex,age_years,severity_folder,severity_label,md_db,psd_db,vfi_pct,false_positive_pct,false_negative_pct,fixation_trials_total,fixation_losses,test_duration_min,refraction_used,md_significance,psd_significance,overall_result,fixation_monitor,test_pattern,test_strategy,stimulus_size,fixation_loss_ratio
hvf_and)rnfl_gcc\HVF\Mild\1.dcm,2769,R,20120405,,66.0,Mild,0,-1.69,1.4,100.0,3.0,0.0,14.0,0.0,8.0,5.25,P < 10%,Not Significant,Within Normal Limits,Blind Spot,Central 24-2 Threshold Test,SITA Standard,III,0.0
hvf_and)rnfl_gcc\HVF\Mild\10.dcm,1028746,R,20240305,F,69.6,Mild,0,-3.47,3.39,94.0,7.0,4.0,16.0,3.0,6.3,2.75,P < 2%,P < 1%,Outside Normal Limits,Gaze/Blind Spot,Central 24-2 Threshold Test,SITA Standard,III,0.1875
hvf_and)rnfl_gcc\HVF\Mild\100.dcm,6021938,R,20251211,M,73.7,Mild,0,-2.8,2.15,97.0,0.0,1.0,7.0,7.0,4.8,5.0,P < 2%,P < 5%,Borderline,Gaze/Blind Spot,Central 24-2 Threshold Test,SITA Standard,III,1.0
hvf_and)rnfl_gcc\HVF\Mild\101.dcm,6021938,L,20251211,M,73.7,Mild,0,-3.03,2.01,97.0,1.0,0.0,16.0,5.0,4.8,5.25,P < 2%,P < 5%,Outside Normal Limits,Gaze/Blind Spot,Central 24-2 Threshold Test,SITA Standard,III,0.3125
hvf_and)rnfl_gcc\HVF\Mild\102.dcm,6023839,R,20241227,F,48.1,Mild,0,-1.26,1.35,99.0,1.0,0.0,14.0,1.0,4.7,1.75,Not Significant,Not Significant,Within Normal Limits,Gaze/Blind Spot,Central 24-2 Threshold Test,SITA Standard,III,0.0714
hvf_and)rnfl_gcc\HVF\Mild\103.dcm,6023839,L,20241227,F,48.1,Mild,0,-1.51,1.39,100.0,0.0,0.0,14.0,0.0,6.7,1.75,Not Significant,Not Significant,Within Normal Limits,Gaze/Blind Spot,Central 24-2 Threshold Test,SITA Standard,III,0.0
hvf_and)rnfl_gcc\HVF\Mild\104.dcm,6024372,R,20241230,F,51.6,Mild,0,0.93,1.53,100.0,1.0,0.0,15.0,2.0,4.9,1.5,Not Significant,Not Significant,Within Normal Limits,Gaze/Blind Spot,Central 24-2 Threshold Test,SITA Standard,III,0.1333
hvf_and)rnfl_gcc\HVF\Mild\105.dcm,6024372,L,20241230,F,51.6,Mild,0,-1.3,4.13,95.0,1.0,0.0,15.0,0.0,4.2,1.75,Not Significant,P < 0.5%,Outside Normal Limits,Gaze/Blind Spot,Central 24-2 Threshold Test,SITA Standard,III,0.0
hvf_and)rnfl_gcc\HVF\Mild\106.dcm,6024421,R,20241230,M,26.3,Mild,0,-2.46,1.63,99.0,0.0,0.0,14.0,0.0,7.1,0.0,P < 5%,Not Significant,Within Normal Limits,Gaze/Blind Spot,Central 24-2 Threshold Test,SITA Standard,III,0.0
hvf_and)rnfl_gcc\HVF\Mild\107.dcm,6024421,L,20241230,M,26.3,Mild,0,-2.46,1.19,100.0,0.0,0.0,15.0,0.0,8.2,0.0,P < 5%,Not Significant,Within Normal Limits,Gaze/Blind Spot,Central 24-2 Threshold Test,SITA Standard,III,0.0
hvf_and)rnfl_gcc\HVF\Mild\108.dcm,6028042,R,20260127,F,66.1,Mild,0,-0.54,2.31,98.0,8.0,6.0,12.0,3.0,8.8,6.0,Not Significant,P < 5%,Outside Normal Limits,Gaze/Blind Spot,Central 24-2 Threshold Test,SITA Standard,III,0.25
hvf_and)rnfl_gcc\HVF\Mild\109.dcm,6028042,L,20260127,F,66.1,Mild,0,-0.41,2.8,98.0,4.0,7.0,12.0,4.0,7.6,7.0,Not Significant,P < 2%,Within Normal Limits,Gaze/Blind Spot,Central 24-2 Threshold Test,SITA Standard,III,0.3333
hvf_and)rnfl_gcc\HVF\Mild\11.dcm,1056868,L,20241224,F,70.9,Mild,0,-4.82,1.79,95.0,2.0,1.0,15.0,13.0,7.5,5.25,P < 0.5%,P < 10%,General Reduction of Sensitivity,Gaze/Blind Spot,Central 24-2 Threshold Test,SITA Standard,III,0.8667
hvf_and)rnfl_gcc\HVF\Mild\12.dcm,1062062,L,20191126,M,81.6,Mild,0,-3.09,2.89,94.0,2.0,15.0,17.0,5.0,6.0,1.75,P < 2%,P < 2%,Outside Normal Limits,Blind Spot,Central 24-2 Threshold Test,SITA Standard,III,0.2941
hvf_and)rnfl_gcc\HVF\Mild\13.dcm,1062527,L,20250408,M,61.7,Mild,0,-1.8,1.77,98.0,1.0,1.0,15.0,2.0,8.1,4.25,P < 10%,Not Significant,Within Normal Limits,Gaze/Blind Spot,Central 24-2 Threshold Test,SITA Standard,III,0.1333
hvf_and)rnfl_gcc\HVF\Mild\14.dcm,1069363,R,20241231,M,85.8,Mild,0,-5.2,5.09,92.0,0.0,10.0,17.0,3.0,3.6,3.25,P < 0.5%,P < 0.5%,Outside Normal Limits,Gaze/Blind Spot,Central 24-2 Threshold Test,SITA Standard,III,0.1765
hvf_and)rnfl_gcc\HVF\Mild\15.dcm,1074658,R,20250726,M,52.6,Mild,0,-3.76,3.73,92.0,5.0,5.0,15.0,0.0,12.8,1.75,P < 1%,P < 0.5%,Outside Normal Limits,Gaze/Blind Spot,Central 24-2 Threshold Test,SITA Standard,III,0.0
hvf_and)rnfl_gcc\HVF\Mild\16.dcm,1074658,L,20250726,M,52.6,Mild,0,-5.75,6.81,81.0,4.0,3.0,16.0,0.0,,2.0,P < 0.5%,P < 0.5%,Outside Normal Limits,Blind Spot,Central 24-2 Threshold Test,SITA Standard,III,0.0
hvf_and)rnfl_gcc\HVF\Mild\17.dcm,1079713,R,20241217,M,62.9,Mild,0,-4.07,3.83,88.0,1.0,4.0,15.0,0.0,8.6,2.5,P < 1%,P < 0.5%,Outside Normal Limits,Gaze/Blind Spot,Central 24-2 Threshold Test,SITA Standard,III,0.0
hvf_and)rnfl_gcc\HVF\Mild\18.dcm,1079713,L,20241217,M,62.9,Mild,0,-2.71,2.46,96.0,2.0,6.0,16.0,1.0,8.4,3.5,P < 2%,P < 2%,Outside Normal Limits,Gaze/Blind Spot,Central 24-2 Threshold Test,SITA Standard,III,0.0625
hvf_and)rnfl_gcc\HVF\Mild\19.dcm,1096755,R,20251009,M,74.3,Mild,0,-3.91,1.82,97.0,4.0,2.0,16.0,3.0,,2.25,P < 1%,P < 10%,Within Normal Limits,Blind Spot,Central 24-2 Threshold Test,SITA Standard,III,0.1875
hvf_and)rnfl_gcc\HVF\Mild\2.dcm,2769,L,20120405,,66.0,Mild,0,-2.77,1.57,99.0,1.0,0.0,11.0,2.0,8.0,5.25,P < 2%,Not Significant,Within Normal Limits,Blind Spot,Central 24-2 Threshold Test,SITA Standard,III,0.1818
hvf_and)rnfl_gcc\HVF\Mild\20.dcm,1096755,L,20251009,M,74.3,Mild,0,-5.25,7.01,84.0,2.0,6.0,16.0,6.0,7.5,2.0,P < 0.5%,P < 0.5%,Outside Normal Limits,Gaze/Blind Spot,Central 24-2 Threshold Test,SITA Standard,III,0.375
hvf_and)rnfl_gcc\HVF\Mild\21.dcm,1096756,L,20260127,F,71.1,Mild,0,-4.2,5.26,86.0,10.0,10.0,15.0,0.0,6.1,3.25,P < 0.5%,P < 0.5%,Outside Normal Limits,Gaze/Blind Spot,Central 24-2 Threshold Test,SITA Standard,III,0.0
hvf_and)rnfl_gcc\HVF\Mild\22.dcm,1097734,R,20260528,M,62.1,Mild,0,-1.83,2.36,97.0,1.0,0.0,14.0,1.0,7.0,1.25,P < 10%,P < 5%,Outside Normal Limits,Gaze/Blind Spot,Central 24-2 Threshold Test,SITA Standard,III,0.0714
hvf_and)rnfl_gcc\HVF\Mild\23.dcm,1097734,L,20260528,M,62.1,Mild,0,-5.18,9.57,87.0,0.0,4.0,18.0,2.0,7.6,1.0,P < 0.5%,P < 0.5%,Outside Normal Limits,Gaze/Blind Spot,Central 24-2 Threshold Test,SITA Standard,III,0.1111
hvf_and)rnfl_gcc\HVF\Mild\24.dcm,1113194,R,20250102,M,69.9,Mild,0,-4.34,2.94,94.0,1.0,7.0,15.0,3.0,9.1,4.5,P < 0.5%,P < 2%,Outside Normal Limits,Gaze/Blind Spot,Central 24-2 Threshold Test,SITA Standard,III,0.2
hvf_and)rnfl_gcc\HVF\Mild\25.dcm,1113194,L,20250102,M,69.9,Mild,0,-2.48,1.66,99.0,2.0,5.0,14.0,4.0,,3.25,P < 5%,Not Significant,Within Normal Limits,Blind Spot,Central 24-2 Threshold Test,SITA Standard,III,0.2857
hvf_and)rnfl_gcc\HVF\Mild\26.dcm,1122698,R,20241029,F,76.6,Mild,0,-2.24,2.45,97.0,0.0,0.0,16.0,0.0,6.5,3.0,P < 5%,P < 2%,Outside Normal Limits,Gaze/Blind Spot,Central 24-2 Threshold Test,SITA Standard,III,0.0
hvf_and)rnfl_gcc\HVF\Mild\27.dcm,1122698,L,20241029,F,76.6,Mild,0,-2.93,7.09,84.0,7.0,0.0,15.0,2.0,6.8,3.0,P < 2%,P < 0.5%,Outside Normal Limits,Gaze/Blind Spot,Central 24-2 Threshold Test,SITA Standard,III,0.1333
hvf_and)rnfl_gcc\HVF\Mild\28.dcm,2519936,R,20120515,F,67.4,Mild,0,-2.01,1.52,99.0,3.0,6.0,14.0,0.0,6.9,7.0,P < 10%,Not Significant,Within Normal Limits,Blind Spot,Central 24-2 Threshold Test,SITA Standard,III,0.0
hvf_and)rnfl_gcc\HVF\Mild\29.dcm,2519936,L,20120515,F,67.4,Mild,0,-3.29,2.02,98.0,5.0,4.0,15.0,0.0,7.0,6.75,P < 2%,P < 5%,Borderline,Blind Spot,Central 24-2 Threshold Test,SITA Standard,III,0.0
hvf_and)rnfl_gcc\HVF\Mild\3.dcm,74473,L,20241220,M,48.0,Mild,0,-0.09,1.74,99.0,2.0,0.0,16.0,0.0,9.0,-6.0,Not Significant,Not Significant,Within Normal Limits,Gaze/Blind Spot,Central 30-2 Threshold Test,SITA Standard,III,0.0
hvf_and)rnfl_gcc\HVF\Mild\30.dcm,2531438,R,20200130,F,75.8,Mild,0,-4.84,7.61,85.0,4.0,13.0,16.0,0.0,4.2,3.75,P < 0.5%,P < 0.5%,Outside Normal Limits,Gaze/Blind Spot,Central 24-2 Threshold Test,SITA Standard,III,0.0
hvf_and)rnfl_gcc\HVF\Mild\31.dcm,2545117,R,20241219,M,27.7,Mild,0,0.31,1.56,99.0,6.0,0.0,14.0,0.0,8.7,0.0,Not Significant,Not Significant,Within Normal Limits,Gaze/Blind Spot,Central 24-2 Threshold Test,SITA Standard,III,0.0
hvf_and)rnfl_gcc\HVF\Mild\32.dcm,2545117,L,20241219,M,27.7,Mild,0,0.82,1.48,100.0,0.0,0.0,17.0,0.0,8.8,0.0,Not Significant,Not Significant,Within Normal Limits,Gaze/Blind Spot,Central 24-2 Threshold Test,SITA Standard,III,0.0
hvf_and)rnfl_gcc\HVF\Mild\33.dcm,2704712,R,20241212,,80.1,Mild,0,-4.04,3.18,94.0,3.0,2.0,18.0,5.0,6.2,4.0,P < 1%,P < 1%,Outside Normal Limits,Gaze/Blind Spot,Central 24-2 Threshold Test,SITA Standard,III,0.2778
hvf_and)rnfl_gcc\HVF\Mild\34.dcm,2827024,R,20241209,M,39.3,Mild,0,-0.06,1.72,100.0,0.0,0.0,14.0,2.0,4.2,-8.75,Not Significant,Not Significant,Within Normal Limits,Gaze/Blind Spot,Central 24-2 Threshold Test,SITA Standard,III,0.1429
hvf_and)rnfl_gcc\HVF\Mild\35.dcm,2827024,L,20241209,M,39.3,Mild,0,-3.27,8.62,94.0,0.0,4.0,16.0,0.0,4.6,-8.25,P < 2%,P < 0.5%,Outside Normal Limits,Gaze/Blind Spot,Central 24-2 Threshold Test,SITA Standard,III,0.0
hvf_and)rnfl_gcc\HVF\Mild\36.dcm,2859391,R,20220712,M,31.4,Mild,0,-3.1,1.22,100.0,1.0,0.0,15.0,1.0,8.0,1.0,P < 2%,Not Significant,Within Normal Limits,Gaze/Blind Spot,Central 24-2 Threshold Test,SITA Standard,III,0.0667
hvf_and)rnfl_gcc\HVF\Mild\37.dcm,2859391,L,20220712,M,31.4,Mild,0,-2.21,1.47,99.0,1.0,0.0,14.0,0.0,7.5,1.0,P < 5%,Not Significant,Within Normal Limits,Gaze/Blind Spot,Central 24-2 Threshold Test,SITA Standard,III,0.0
hvf_and)rnfl_gcc\HVF\Mild\38.dcm,2889157,R,20250102,F,62.9,Mild,0,-4.05,2.58,95.0,3.0,0.0,15.0,1.0,,3.25,P < 1%,P < 2%,Borderline,Blind Spot,Central 24-2 Threshold Test,SITA Standard,III,0.0667
hvf_and)rnfl_gcc\HVF\Mild\39.dcm,2889157,L,20250102,F,62.9,Mild,0,-5.02,2.64,94.0,1.0,0.0,15.0,0.0,,3.5,P < 0.5%,P < 2%,Outside Normal Limits,Blind Spot,Central 24-2 Threshold Test,SITA Standard,III,0.0
hvf_and)rnfl_gcc\HVF\Mild\4.dcm,121271,R,20260409,M,66.0,Mild,0,-2.08,2.42,98.0,4.0,3.0,16.0,7.0,5.1,1.5,P < 5%,P < 5%,Within Normal Limits,Gaze/Blind Spot,Central 24-2 Threshold Test,SITA Standard,III,0.4375
hvf_and)rnfl_gcc\HVF\Mild\40.dcm,2931798,R,20260123,M,61.8,Mild,0,-2.35,1.63,97.0,0.0,4.0,11.0,4.0,9.3,3.25,P < 5%,Not Significant,Within Normal Limits,Gaze/Blind Spot,Central 24-2 Threshold Test,SITA Standard,III,0.3636
hvf_and)rnfl_gcc\HVF\Mild\41.dcm,2931798,L,20260123,M,61.8,Mild,0,-2.45,1.27,99.0,0.0,0.0,14.0,0.0,9.4,3.25,P < 5%,Not Significant,Within Normal Limits,Gaze/Blind Spot,Central 24-2 Threshold Test,SITA Standard,III,0.0
hvf_and)rnfl_gcc\HVF\Mild\42.dcm,3018602,L,20241024,M,47.4,Mild,0,-1.65,2.06,99.0,4.0,2.0,14.0,1.0,8.0,3.25,Not Significant,P < 5%,Within Normal Limits,Gaze/Blind Spot,Central 24-2 Threshold Test,SITA Standard,III,0.0714
hvf_and)rnfl_gcc\HVF\Mild\43.dcm,3021780,L,20250715,M,75.8,Mild,0,-3.51,7.18,88.0,2.0,8.0,15.0,0.0,5.6,2.5,P < 2%,P < 0.5%,Outside Normal Limits,Gaze/Blind Spot,Central 24-2 Threshold Test,SITA Standard,III,0.0
hvf_and)rnfl_gcc\HVF\Mild\44.dcm,3031503,R,20241228,,64.7,Mild,0,-2.12,1.7,97.0,6.0,2.0,11.0,3.0,8.8,2.25,P < 5%,P < 10%,Borderline,Gaze/Blind Spot,Central 24-2C Threshold Test,SITA Faster,III,0.2727
hvf_and)rnfl_gcc\HVF\Mild\45.dcm,3031503,L,20241228,,64.7,Mild,0,-2.74,3.13,96.0,0.0,0.0,11.0,0.0,9.4,3.0,P < 2%,P < 2%,Outside Normal Limits,Gaze/Blind Spot,Central 24-2C Threshold Test,SITA Faster,III,0.0
hvf_and)rnfl_gcc\HVF\Mild\46.dcm,3033705,R,20191126,M,43.5,Mild,0,-1.44,1.69,99.0,14.0,0.0,13.0,0.0,7.0,1.5,Not Significant,Not Significant,Within Normal Limits,Blind Spot,Central 24-2 Threshold Test,SITA Standard,III,0.0
hvf_and)rnfl_gcc\HVF\Mild\47.dcm,3033705,L,20191126,M,43.5,Mild,0,-4.4,4.4,93.0,0.0,0.0,15.0,1.0,6.9,1.5,P < 0.5%,P < 0.5%,Outside Normal Limits,Blind Spot,Central 24-2 Threshold Test,SITA Standard,III,0.0667
hvf_and)rnfl_gcc\HVF\Mild\48.dcm,3036114,R,20241224,M,53.6,Mild,0,-2.08,1.81,96.0,0.0,0.0,15.0,3.0,6.6,1.5,P < 5%,P < 10%,Within Normal Limits,Gaze/Blind Spot,Central 24-2 Threshold Test,SITA Standard,III,0.2
hvf_and)rnfl_gcc\HVF\Mild\49.dcm,3036114,L,20241224,M,53.6,Mild,0,-1.75,2.33,97.0,0.0,6.0,14.0,2.0,6.4,2.0,P < 10%,P < 5%,Within Normal Limits,Gaze/Blind Spot,Central 24-2 Threshold Test,SITA Standard,III,0.1429
hvf_and)rnfl_gcc\HVF\Mild\5.dcm,121271,L,20260409,M,66.0,Mild,0,-1.62,1.82,98.0,5.0,2.0,15.0,7.0,5.3,1.75,Not Significant,P < 10%,Within Normal Limits,Gaze/Blind Spot,Central 24-2 Threshold Test,SITA Standard,III,0.4667
hvf_and)rnfl_gcc\HVF\Mild\50.dcm,3044906,R,20241022,M,59.1,Mild,0,-4.95,9.17,83.0,7.0,6.0,17.0,0.0,9.3,4.75,P < 0.5%,P < 0.5%,Outside Normal Limits,Gaze/Blind Spot,Central 24-2 Threshold Test,SITA Standard,III,0.0
hvf_and)rnfl_gcc\HVF\Mild\51.dcm,3044906,L,20241022,M,59.1,Mild,0,-1.25,2.11,99.0,3.0,1.0,13.0,0.0,9.1,4.75,Not Significant,P < 5%,Within Normal Limits,Gaze/Blind Spot,Central 24-2 Threshold Test,SITA Standard,III,0.0
hvf_and)rnfl_gcc\HVF\Mild\52.dcm,3051064,R,20241112,M,66.1,Mild,0,-0.69,1.64,99.0,0.0,0.0,14.0,1.0,4.6,1.25,Not Significant,Not Significant,Within Normal Limits,Gaze/Blind Spot,Central 24-2 Threshold Test,SITA Standard,III,0.0714
hvf_and)rnfl_gcc\HVF\Mild\53.dcm,3051064,L,20241112,M,66.1,Mild,0,-5.17,6.84,91.0,1.0,0.0,15.0,0.0,4.2,2.25,P < 0.5%,P < 0.5%,Outside Normal Limits,Gaze/Blind Spot,Central 24-2 Threshold Test,SITA Standard,III,0.0
hvf_and)rnfl_gcc\HVF\Mild\54.dcm,3052095,R,20241112,F,42.8,Mild,0,-4.31,2.18,97.0,2.0,13.0,16.0,2.0,4.3,1.5,P < 0.5%,P < 5%,General Reduction of Sensitivity,Gaze/Blind Spot,Central 24-2 Threshold Test,SITA Standard,III,0.125
hvf_and)rnfl_gcc\HVF\Mild\55.dcm,3052095,L,20241112,F,42.8,Mild,0,-4.07,4.54,96.0,0.0,2.0,14.0,1.0,4.4,1.25,P < 1%,P < 0.5%,Within Normal Limits,Gaze/Blind Spot,Central 24-2 Threshold Test,SITA Standard,III,0.0714
hvf_and)rnfl_gcc\HVF\Mild\56.dcm,3053130,R,20260402,M,69.0,Mild,0,-3.66,2.79,94.0,2.0,2.0,15.0,4.0,,2.75,P < 1%,P < 2%,Outside Normal Limits,Blind Spot,Central 24-2 Threshold Test,SITA Standard,III,0.2667
hvf_and)rnfl_gcc\HVF\Mild\57.dcm,3053130,L,20260402,M,69.0,Mild,0,-3.36,3.41,93.0,4.0,0.0,16.0,3.0,,2.5,P < 2%,P < 1%,Outside Normal Limits,Blind Spot,Central 24-2 Threshold Test,SITA Standard,III,0.1875
hvf_and)rnfl_gcc\HVF\Mild\58.dcm,3053493,L,20230228,F,69.4,Mild,0,-5.84,3.02,92.0,6.0,13.0,16.0,4.0,2.2,2.25,P < 0.5%,P < 2%,Outside Normal Limits,Gaze/Blind Spot,Central 24-2 Threshold Test,SITA Standard,III,0.25
hvf_and)rnfl_gcc\HVF\Mild\59.dcm,3057975,R,20241228,F,67.8,Mild,0,-1.75,1.62,98.0,6.0,0.0,10.0,0.0,5.1,2.75,P < 10%,P < 10%,Within Normal Limits,Gaze/Blind Spot,Central 24-2C Threshold Test,SITA Faster,III,0.0
hvf_and)rnfl_gcc\HVF\Mild\6.dcm,457245,R,20251106,M,65.5,Mild,0,-1.4,2.67,96.0,0.0,2.0,15.0,3.0,8.9,3.0,Not Significant,P < 2%,Within Normal Limits,Gaze/Blind Spot,Central 24-2 Threshold Test,SITA Standard,III,0.2
hvf_and)rnfl_gcc\HVF\Mild\60.dcm,3057975,L,20241228,F,67.8,Mild,0,-0.15,1.16,100.0,0.0,0.0,11.0,3.0,4.8,2.75,Not Significant,Not Significant,Within Normal Limits,Gaze/Blind Spot,Central 24-2C Threshold Test,SITA Faster,III,0.2727
hvf_and)rnfl_gcc\HVF\Mild\61.dcm,3058931,L,20241026,M,76.8,Mild,0,-5.11,2.82,91.0,2.0,8.0,16.0,4.0,7.4,3.0,P < 0.5%,P < 2%,Outside Normal Limits,Gaze/Blind Spot,Central 24-2 Threshold Test,SITA Standard,III,0.25
hvf_and)rnfl_gcc\HVF\Mild\62.dcm,3058943,R,20250821,M,47.9,Mild,0,-4.06,2.72,95.0,3.0,0.0,15.0,3.0,6.9,2.0,P < 1%,P < 2%,Borderline,Gaze/Blind Spot,Central 24-2 Threshold Test,SITA Standard,III,0.2
hvf_and)rnfl_gcc\HVF\Mild\63.dcm,3059051,R,20241119,M,57.7,Mild,0,-4.36,5.46,88.0,2.0,5.0,17.0,1.0,9.3,4.0,P < 0.5%,P < 0.5%,Outside Normal Limits,Gaze/Blind Spot,Central 24-2 Threshold Test,SITA Standard,III,0.0588
hvf_and)rnfl_gcc\HVF\Mild\64.dcm,3059262,R,20241217,F,41.0,Mild,0,-0.1,2.04,99.0,1.0,4.0,12.0,0.0,9.4,2.0,Not Significant,P < 5%,Outside Normal Limits,Gaze/Blind Spot,Central 24-2 Threshold Test,SITA Standard,III,0.0
hvf_and)rnfl_gcc\HVF\Mild\65.dcm,3059303,L,20241213,M,65.0,Mild,0,-2.32,1.85,98.0,2.0,1.0,15.0,3.0,6.9,3.5,P < 5%,P < 10%,Borderline,Gaze/Blind Spot,Central 24-2 Threshold Test,SITA Standard,III,0.2
hvf_and)rnfl_gcc\HVF\Mild\66.dcm,3059457,R,20241231,M,65.7,Mild,0,-1.47,2.63,96.0,5.0,6.0,17.0,3.0,5.9,2.5,Not Significant,P < 2%,Outside Normal Limits,Gaze/Blind Spot,Central 24-2 Threshold Test,SITA Standard,III,0.1765
hvf_and)rnfl_gcc\HVF\Mild\67.dcm,3059473,L,20250102,F,44.0,Mild,0,-2.37,1.77,99.0,2.0,0.0,14.0,1.0,4.9,1.0,P < 5%,P < 10%,Within Normal Limits,Gaze/Blind Spot,Central 24-2 Threshold Test,SITA Standard,III,0.0714
hvf_and)rnfl_gcc\HVF\Mild\68.dcm,3441111,R,20241121,M,35.9,Mild,0,-1.62,1.82,98.0,2.0,0.0,15.0,0.0,8.2,0.0,Not Significant,P < 10%,Within Normal Limits,Gaze/Blind Spot,Central 24-2 Threshold Test,SITA Standard,III,0.0
hvf_and)rnfl_gcc\HVF\Mild\69.dcm,3441111,L,20241121,M,35.9,Mild,0,-2.48,2.46,95.0,1.0,0.0,14.0,0.0,7.9,0.0,P < 5%,P < 2%,Outside Normal Limits,Gaze/Blind Spot,Central 24-2 Threshold Test,SITA Standard,III,0.0
hvf_and)rnfl_gcc\HVF\Mild\7.dcm,526429,L,20241202,F,82.1,Mild,0,-1.5,2.18,98.0,10.0,0.0,16.0,1.0,2.8,2.5,Not Significant,P < 5%,Borderline,Gaze/Blind Spot,Central 24-2 Threshold Test,SITA Standard,III,0.0625
hvf_and)rnfl_gcc\HVF\Mild\70.dcm,3452811,L,20250124,F,60.1,Mild,0,-1.13,1.76,97.0,14.0,1.0,14.0,3.0,7.4,-0.75,Not Significant,Not Significant,Borderline,Gaze/Blind Spot,Central 24-2 Threshold Test,SITA Standard,III,0.2143
hvf_and)rnfl_gcc\HVF\Mild\71.dcm,3499303,R,20230109,M,26.7,Mild,0,-1.09,1.6,99.0,1.0,0.0,13.0,0.0,3.4,-5.5,Not Significant,Not Significant,Within Normal Limits,Gaze/Blind Spot,Central 24-2 Threshold Test,SITA Standard,III,0.0
hvf_and)rnfl_gcc\HVF\Mild\72.dcm,3499303,L,20230109,M,26.7,Mild,0,-3.53,1.31,100.0,1.0,0.0,14.0,1.0,3.8,-6.25,P < 1%,Not Significant,Within Normal Limits,Gaze/Blind Spot,Central 24-2 Threshold Test,SITA Standard,III,0.0714
hvf_and)rnfl_gcc\HVF\Mild\73.dcm,3658448,L,20260203,F,51.1,Mild,0,-3.56,1.54,99.0,2.0,2.0,15.0,1.0,4.3,2.5,P < 1%,Not Significant,Borderline,Gaze/Blind Spot,Central 24-2 Threshold Test,SITA Standard,III,0.0667
hvf_and)rnfl_gcc\HVF\Mild\74.dcm,4171418,R,20241015,F,64.8,Mild,0,-2.52,4.3,93.0,3.0,0.0,3.0,3.0,5.2,3.25,P < 5%,P < 0.5%,Borderline,Gaze/Blind Spot,Central 24-2 Threshold Test,SITA Standard,III,1.0
hvf_and)rnfl_gcc\HVF\Mild\75.dcm,4171418,L,20241015,F,64.8,Mild,0,-1.87,1.71,97.0,2.0,0.0,5.0,4.0,6.0,2.5,P < 10%,Not Significant,Within Normal Limits,Blind Spot,Central 24-2 Threshold Test,SITA Standard,III,0.8
hvf_and)rnfl_gcc\HVF\Mild\76.dcm,4172500,R,20241209,M,52.0,Mild,0,-1.88,1.88,96.0,0.0,0.0,14.0,3.0,5.9,2.5,P < 10%,P < 10%,Outside Normal Limits,Gaze/Blind Spot,Central 24-2 Threshold Test,SITA Standard,III,0.2143
hvf_and)rnfl_gcc\HVF\Mild\77.dcm,4172500,L,20241209,M,52.0,Mild,0,-2.17,1.46,99.0,8.0,2.0,15.0,3.0,6.4,2.5,P < 5%,Not Significant,Within Normal Limits,Gaze/Blind Spot,Central 24-2 Threshold Test,SITA Standard,III,0.2
hvf_and)rnfl_gcc\HVF\Mild\78.dcm,4287406,R,20241213,F,43.9,Mild,0,-3.86,3.58,88.0,1.0,5.0,14.0,0.0,7.9,0.0,P < 1%,P < 0.5%,Outside Normal Limits,Gaze/Blind Spot,Central 24-2 Threshold Test,SITA Standard,III,0.0
hvf_and)rnfl_gcc\HVF\Mild\79.dcm,4287406,L,20241213,F,43.9,Mild,0,-5.56,3.9,85.0,0.0,6.0,15.0,1.0,7.6,-0.75,P < 0.5%,P < 0.5%,Outside Normal Limits,Gaze/Blind Spot,Central 24-2 Threshold Test,SITA Standard,III,0.0667
hvf_and)rnfl_gcc\HVF\Mild\8.dcm,567184,R,20201229,F,68.2,Mild,0,-2.14,2.13,97.0,3.0,3.0,15.0,2.0,7.0,0.0,P < 5%,P < 5%,Outside Normal Limits,Blind Spot,Central 24-2 Threshold Test,SITA Standard,III,0.1333
hvf_and)rnfl_gcc\HVF\Mild\80.dcm,4345285,R,20250123,M,31.3,Mild,0,-4.85,2.75,93.0,0.0,6.0,15.0,3.0,8.8,0.0,P < 0.5%,P < 2%,Outside Normal Limits,Gaze/Blind Spot,Central 24-2 Threshold Test,SITA Standard,III,0.2
hvf_and)rnfl_gcc\HVF\Mild\81.dcm,4345285,L,20250123,M,31.3,Mild,0,-3.63,2.48,95.0,0.0,0.0,11.0,4.0,9.4,0.0,P < 1%,P < 2%,Within Normal Limits,Gaze/Blind Spot,Central 24-2 Threshold Test,SITA Standard,III,0.3636
hvf_and)rnfl_gcc\HVF\Mild\82.dcm,4539123,L,20250926,M,59.0,Mild,0,-4.57,3.74,91.0,2.0,13.0,16.0,2.0,3.6,0.5,P < 0.5%,P < 0.5%,Outside Normal Limits,Gaze/Blind Spot,Central 24-2 Threshold Test,SITA Standard,III,0.125
hvf_and)rnfl_gcc\HVF\Mild\83.dcm,4911182,R,20211029,F,45.2,Mild,0,0.4,1.51,99.0,2.0,0.0,15.0,0.0,7.0,3.0,Not Significant,Not Significant,Within Normal Limits,Gaze/Blind Spot,Central 24-2 Threshold Test,SITA Standard,III,0.0
hvf_and)rnfl_gcc\HVF\Mild\84.dcm,4911182,L,20211029,F,45.2,Mild,0,-1.47,1.34,98.0,2.0,0.0,14.0,0.0,6.6,2.25,Not Significant,Not Significant,Within Normal Limits,Gaze/Blind Spot,Central 24-2 Threshold Test,SITA Standard,III,0.0
hvf_and)rnfl_gcc\HVF\Mild\85.dcm,4922367,R,20220730,M,46.6,Mild,0,-1.07,1.73,98.0,0.0,0.0,14.0,1.0,3.1,2.0,Not Significant,Not Significant,Borderline,Gaze/Blind Spot,Central 24-2 Threshold Test,SITA Standard,III,0.0714
hvf_and)rnfl_gcc\HVF\Mild\86.dcm,4922367,L,20220730,M,46.6,Mild,0,-1.61,1.09,100.0,1.0,0.0,13.0,0.0,2.7,1.75,Not Significant,Not Significant,Within Normal Limits,Gaze/Blind Spot,Central 24-2 Threshold Test,SITA Standard,III,0.0
hvf_and)rnfl_gcc\HVF\Mild\87.dcm,4951833,R,20241125,F,46.9,Mild,0,-3.31,2.31,96.0,0.0,0.0,14.0,2.0,6.3,1.75,P < 2%,P < 5%,Borderline,Gaze/Blind Spot,Central 24-2 Threshold Test,SITA Standard,III,0.1429
hvf_and)rnfl_gcc\HVF\Mild\88.dcm,4951833,L,20241125,F,46.9,Mild,0,-3.17,3.19,94.0,0.0,7.0,15.0,9.0,6.2,1.75,P < 2%,P < 1%,Outside Normal Limits,Gaze/Blind Spot,Central 24-2 Threshold Test,SITA Standard,III,0.6
hvf_and)rnfl_gcc\HVF\Mild\89.dcm,5011130,R,20260123,F,63.7,Mild,0,-2.35,2.48,97.0,12.0,9.0,14.0,3.0,7.3,1.75,P < 5%,P < 2%,Borderline,Gaze/Blind Spot,Central 24-2 Threshold Test,SITA Standard,III,0.2143
hvf_and)rnfl_gcc\HVF\Mild\9.dcm,567184,L,20201229,F,68.2,Mild,0,-1.21,1.98,98.0,3.0,1.0,15.0,1.0,7.0,0.0,Not Significant,P < 10%,Within Normal Limits,Blind Spot,Central 24-2 Threshold Test,SITA Standard,III,0.0667
hvf_and)rnfl_gcc\HVF\Mild\90.dcm,5018131,R,20221116,M,56.8,Mild,0,-1.56,1.26,99.0,1.0,0.0,15.0,1.0,6.1,3.0,Not Significant,Not Significant,Within Normal Limits,Gaze/Blind Spot,Central 24-2 Threshold Test,SITA Standard,III,0.0667
hvf_and)rnfl_gcc\HVF\Mild\91.dcm,5018131,L,20221116,M,56.8,Mild,0,-1.93,1.49,97.0,0.0,0.0,14.0,1.0,6.3,3.25,P < 10%,Not Significant,Within Normal Limits,Gaze/Blind Spot,Central 24-2 Threshold Test,SITA Standard,III,0.0714
hvf_and)rnfl_gcc\HVF\Mild\92.dcm,5213795,R,20241105,F,66.3,Mild,0,-1.4,2.12,99.0,4.0,0.0,14.0,1.0,4.2,5.5,Not Significant,P < 5%,Within Normal Limits,Gaze/Blind Spot,Central 24-2 Threshold Test,SITA Standard,III,0.0714
hvf_and)rnfl_gcc\HVF\Mild\93.dcm,5213795,L,20241105,F,66.3,Mild,0,-2.79,3.32,96.0,0.0,0.0,14.0,1.0,4.2,5.5,P < 2%,P < 1%,Within Normal Limits,Gaze/Blind Spot,Central 24-2 Threshold Test,SITA Standard,III,0.0714
hvf_and)rnfl_gcc\HVF\Mild\94.dcm,5342152,R,20260403,F,72.3,Mild,0,-1.23,2.63,96.0,2.0,0.0,10.0,4.0,6.8,3.75,Not Significant,P < 2%,Outside Normal Limits,Gaze/Blind Spot,Central 24-2 Threshold Test,SITA Standard,III,0.4
hvf_and)rnfl_gcc\HVF\Mild\95.dcm,5342152,L,20260403,F,72.3,Mild,0,-2.19,3.3,96.0,0.0,6.0,14.0,2.0,6.9,4.0,P < 5%,P < 1%,Outside Normal Limits,Gaze/Blind Spot,Central 24-2 Threshold Test,SITA Standard,III,0.1429
hvf_and)rnfl_gcc\HVF\Mild\96.dcm,6016049,R,20241108,F,51.0,Mild,0,-2.38,2.54,97.0,4.0,2.0,14.0,2.0,5.2,5.0,P < 5%,P < 2%,Within Normal Limits,Gaze/Blind Spot,Central 24-2 Threshold Test,SITA Standard,III,0.1429
hvf_and)rnfl_gcc\HVF\Mild\97.dcm,6016049,L,20241108,F,51.0,Mild,0,-2.86,2.32,99.0,3.0,13.0,15.0,0.0,5.3,5.25,P < 2%,P < 5%,Borderline,Gaze/Blind Spot,Central 24-2 Threshold Test,SITA Standard,III,0.0
hvf_and)rnfl_gcc\HVF\Mild\98.dcm,6018823,R,20241216,M,65.8,Mild,0,-2.29,2.51,96.0,3.0,7.0,14.0,0.0,3.2,4.0,P < 5%,P < 2%,Outside Normal Limits,Gaze/Blind Spot,Central 24-2 Threshold Test,SITA Standard,III,0.0
hvf_and)rnfl_gcc\HVF\Mild\99.dcm,6018823,L,20241216,M,65.8,Mild,0,-0.72,1.52,99.0,4.0,0.0,14.0,0.0,3.1,4.0,Not Significant,Not Significant,Within Normal Limits,Gaze/Blind Spot,Central 24-2 Threshold Test,SITA Standard,III,0.0
hvf_and)rnfl_gcc\HVF\Moderate\1.dcm,482832,L,20251209,M,68.9,Moderate,1,-10.83,9.56,76.0,1.0,0.0,17.0,1.0,8.7,2.0,P < 0.5%,P < 0.5%,Outside Normal Limits,Gaze/Blind Spot,Central 24-2 Threshold Test,SITA Standard,III,0.0588
hvf_and)rnfl_gcc\HVF\Moderate\10.dcm,2186004,L,20260417,F,70.3,Moderate,1,-5.99,4.17,91.0,3.0,12.0,17.0,0.0,4.7,4.75,P < 0.5%,P < 0.5%,Outside Normal Limits,Gaze/Blind Spot,Central 24-2 Threshold Test,SITA Standard,III,0.0
hvf_and)rnfl_gcc\HVF\Moderate\11.dcm,2506246,R,20241219,M,69.7,Moderate,1,-7.55,5.09,87.0,0.0,3.0,18.0,2.0,6.9,5.75,P < 0.5%,P < 0.5%,Outside Normal Limits,Gaze/Blind Spot,Central 24-2 Threshold Test,SITA Standard,III,0.1111
hvf_and)rnfl_gcc\HVF\Moderate\12.dcm,2506246,L,20241219,M,69.7,Moderate,1,-10.12,8.7,78.0,5.0,6.0,16.0,0.0,7.3,4.25,P < 0.5%,P < 0.5%,Outside Normal Limits,Gaze/Blind Spot,Central 24-2 Threshold Test,SITA Standard,III,0.0
hvf_and)rnfl_gcc\HVF\Moderate\13.dcm,2531438,L,20200130,F,75.8,Moderate,1,-6.93,7.23,91.0,2.0,0.0,16.0,2.0,4.9,6.25,P < 0.5%,P < 0.5%,Outside Normal Limits,Gaze/Blind Spot,Central 24-2 Threshold Test,SITA Standard,III,0.125
hvf_and)rnfl_gcc\HVF\Moderate\14.dcm,3021780,R,20250715,M,75.8,Moderate,1,-7.8,9.17,78.0,2.0,0.0,16.0,3.0,5.0,2.5,P < 0.5%,P < 0.5%,Outside Normal Limits,Gaze/Blind Spot,Central 24-2 Threshold Test,SITA Standard,III,0.1875
hvf_and)rnfl_gcc\HVF\Moderate\15.dcm,3025883,R,20250121,F,68.4,Moderate,1,-7.76,10.77,70.0,1.0,0.0,16.0,0.0,12.4,4.25,P < 0.5%,P < 0.5%,Outside Normal Limits,Gaze/Blind Spot,Central 24-2 Threshold Test,SITA Standard,III,0.0
hvf_and)rnfl_gcc\HVF\Moderate\16.dcm,3035200,L,20260310,M,32.4,Moderate,1,-6.61,2.24,93.0,0.0,1.0,15.0,0.0,8.3,3.0,P < 0.5%,P < 5%,Outside Normal Limits,Gaze/Blind Spot,Central 24-2 Threshold Test,SITA Standard,III,0.0
hvf_and)rnfl_gcc\HVF\Moderate\17.dcm,3054133,R,20260402,M,83.0,Moderate,1,-6.63,4.94,91.0,1.0,19.0,10.0,10.0,2.7,3.5,P < 0.5%,P < 0.5%,Outside Normal Limits,Gaze/Blind Spot,Central 24-2 Threshold Test,SITA Standard,III,1.0
hvf_and)rnfl_gcc\HVF\Moderate\18.dcm,3058242,L,20260326,F,50.5,Moderate,1,-7.09,8.88,84.0,5.0,10.0,18.0,2.0,8.4,1.5,P < 0.5%,P < 0.5%,Outside Normal Limits,Gaze/Blind Spot,Central 24-2 Threshold Test,SITA Standard,III,0.1111
hvf_and)rnfl_gcc\HVF\Moderate\19.dcm,3059262,L,20241217,F,41.0,Moderate,1,-10.58,13.18,66.0,0.0,0.0,16.0,0.0,10.0,1.75,P < 0.5%,P < 0.5%,Outside Normal Limits,Gaze/Blind Spot,Central 24-2 Threshold Test,SITA Standard,III,0.0
hvf_and)rnfl_gcc\HVF\Moderate\2.dcm,812184,L,20240511,M,47.2,Moderate,1,-10.96,10.01,72.0,3.0,20.0,17.0,0.0,7.4,-2.75,P < 0.5%,P < 0.5%,Outside Normal Limits,Gaze/Blind Spot,Central 24-2 Threshold Test,SITA Standard,III,0.0
hvf_and)rnfl_gcc\HVF\Moderate\20.dcm,3452811,R,20250124,F,60.1,Moderate,1,-8.5,8.64,79.0,10.0,12.0,18.0,5.0,7.6,-1.25,P < 0.5%,P < 0.5%,Outside Normal Limits,Gaze/Blind Spot,Central 24-2 Threshold Test,SITA Standard,III,0.2778
hvf_and)rnfl_gcc\HVF\Moderate\21.dcm,3491383,L,20241105,F,43.8,Moderate,1,-6.52,3.52,88.0,1.0,5.0,15.0,0.0,5.3,1.5,P < 0.5%,P < 1%,Outside Normal Limits,Gaze/Blind Spot,Central 24-2 Threshold Test,SITA Standard,III,0.0
hvf_and)rnfl_gcc\HVF\Moderate\22.dcm,4513178,R,20231003,M,65.7,Moderate,1,-8.48,9.54,84.0,2.0,0.0,17.0,0.0,7.4,5.0,P < 0.5%,P < 0.5%,Outside Normal Limits,Gaze/Blind Spot,Central 24-2 Threshold Test,SITA Standard,III,0.0
hvf_and)rnfl_gcc\HVF\Moderate\23.dcm,4539123,R,20250926,M,59.0,Moderate,1,-6.05,7.56,85.0,0.0,13.0,17.0,1.0,3.8,3.0,P < 0.5%,P < 0.5%,Outside Normal Limits,Gaze/Blind Spot,Central 24-2 Threshold Test,SITA Standard,III,0.0588
hvf_and)rnfl_gcc\HVF\Moderate\24.dcm,6003967,R,20240828,M,58.6,Moderate,1,-6.19,2.35,95.0,1.0,8.0,17.0,0.0,3.8,4.0,P < 0.5%,P < 5%,General Reduction of Sensitivity,Gaze/Blind Spot,Central 24-2 Threshold Test,SITA Standard,III,0.0
hvf_and)rnfl_gcc\HVF\Moderate\25.dcm,6003967,L,20240828,M,58.6,Moderate,1,-11.08,8.05,78.0,0.0,0.0,18.0,1.0,3.0,4.75,P < 0.5%,P < 0.5%,Outside Normal Limits,Gaze/Blind Spot,Central 24-2 Threshold Test,SITA Standard,III,0.0556
hvf_and)rnfl_gcc\HVF\Moderate\3.dcm,915908,L,20250930,F,76.0,Moderate,1,-11.12,9.06,73.0,6.0,0.0,19.0,3.0,4.9,3.25,P < 0.5%,P < 0.5%,Outside Normal Limits,Gaze/Blind Spot,Central 24-2 Threshold Test,SITA Standard,III,0.1579
hvf_and)rnfl_gcc\HVF\Moderate\4.dcm,939484,L,20260502,F,53.5,Moderate,1,-7.57,6.42,86.0,0.0,0.0,19.0,1.0,4.9,10.5,P < 0.5%,P < 0.5%,Outside Normal Limits,Gaze/Blind Spot,Central 24-2 Threshold Test,SITA Standard,III,0.0526
hvf_and)rnfl_gcc\HVF\Moderate\5.dcm,1062062,R,20191126,M,81.6,Moderate,1,-7.93,6.2,83.0,9.0,15.0,18.0,2.0,6.0,3.25,P < 0.5%,P < 0.5%,Outside Normal Limits,Blind Spot,Central 24-2 Threshold Test,SITA Standard,III,0.1111
hvf_and)rnfl_gcc\HVF\Moderate\6.dcm,1083094,R,20241116,,77.0,Moderate,1,-7.56,8.26,75.0,3.0,4.0,16.0,1.0,6.8,2.0,P < 0.5%,P < 0.5%,Outside Normal Limits,Gaze/Blind Spot,Central 24-2 Threshold Test,SITA Standard,III,0.0625
hvf_and)rnfl_gcc\HVF\Moderate\7.dcm,1083094,L,20241116,,77.0,Moderate,1,-8.97,10.95,72.0,3.0,0.0,17.0,0.0,6.9,2.5,P < 0.5%,P < 0.5%,Outside Normal Limits,Gaze/Blind Spot,Central 24-2 Threshold Test,SITA Standard,III,0.0
hvf_and)rnfl_gcc\HVF\Moderate\8.dcm,1625950,R,20250116,M,61.7,Moderate,1,-9.39,8.06,78.0,9.0,0.0,17.0,1.0,,3.75,P < 0.5%,P < 0.5%,Outside Normal Limits,Blind Spot,Central 24-2 Threshold Test,SITA Standard,III,0.0588
hvf_and)rnfl_gcc\HVF\Moderate\9.dcm,1625950,L,20250116,M,61.7,Moderate,1,-7.08,5.81,80.0,4.0,8.0,17.0,0.0,,3.25,P < 0.5%,P < 0.5%,Outside Normal Limits,Blind Spot,Central 24-2 Threshold Test,SITA Standard,III,0.0
hvf_and)rnfl_gcc\HVF\Severe\1.dcm,457245,L,20251106,M,65.5,Severe,2,-12.05,13.46,67.0,0.0,0.0,15.0,0.0,8.1,3.0,P < 0.5%,P < 0.5%,Outside Normal Limits,Gaze/Blind Spot,Central 24-2 Threshold Test,SITA Standard,III,0.0
hvf_and)rnfl_gcc\HVF\Severe\10.dcm,1035757,L,20250104,M,72.9,Severe,2,-21.66,12.87,29.0,4.0,26.0,16.0,1.0,6.6,3.75,P < 0.5%,P < 0.5%,Outside Normal Limits,Gaze/Blind Spot,Central 24-2 Threshold Test,SITA Standard,III,0.0625
hvf_and)rnfl_gcc\HVF\Severe\11.dcm,1056868,R,20241224,F,70.9,Severe,2,-28.92,6.77,6.0,0.0,-100.0,14.0,2.0,7.7,5.75,P < 0.5%,P < 0.5%,Outside Normal Limits,Gaze/Blind Spot,Central 24-2 Threshold Test,SITA Standard,III,0.1429
hvf_and)rnfl_gcc\HVF\Severe\12.dcm,1062527,R,20250408,M,61.7,Severe,2,-12.01,8.4,72.0,0.0,0.0,18.0,2.0,7.6,2.25,P < 0.5%,P < 0.5%,Outside Normal Limits,Gaze/Blind Spot,Central 24-2 Threshold Test,SITA Standard,III,0.1111
hvf_and)rnfl_gcc\HVF\Severe\13.dcm,1087855,R,20250116,M,85.5,Severe,2,-22.01,10.29,25.0,1.0,13.0,13.0,1.0,5.5,3.75,P < 0.5%,P < 0.5%,Outside Normal Limits,Gaze/Blind Spot,Central 24-2 Threshold Test,SITA Standard,III,0.0769
hvf_and)rnfl_gcc\HVF\Severe\14.dcm,1087855,L,20250116,M,85.5,Severe,2,-14.13,10.71,60.0,5.0,20.0,17.0,1.0,10.1,3.25,P < 0.5%,P < 0.5%,Outside Normal Limits,Gaze/Blind Spot,Central 24-2 Threshold Test,SITA Standard,III,0.0588
hvf_and)rnfl_gcc\HVF\Severe\15.dcm,1096756,R,20260127,F,71.1,Severe,2,-13.67,12.86,56.0,2.0,6.0,16.0,3.0,7.0,2.25,P < 0.5%,P < 0.5%,Outside Normal Limits,Gaze/Blind Spot,Central 24-2 Threshold Test,SITA Standard,III,0.1875
hvf_and)rnfl_gcc\HVF\Severe\16.dcm,2148673,R,20240730,M,53.5,Severe,2,-27.8,7.88,21.0,1.0,-100.0,15.0,1.0,5.0,1.5,P < 0.5%,P < 0.5%,Outside Normal Limits,Gaze/Blind Spot,Central 24-2 Threshold Test,SITA Standard,III,0.0667
hvf_and)rnfl_gcc\HVF\Severe\17.dcm,2148673,L,20180707,M,47.4,Severe,2,-28.73,5.87,12.0,2.0,-100.0,13.0,1.0,8.0,2.0,P < 0.5%,P < 0.5%,Outside Normal Limits,Blind Spot,Central 24-2 Threshold Test,SITA Standard,III,0.0769
hvf_and)rnfl_gcc\HVF\Severe\18.dcm,2186004,R,20260417,F,70.3,Severe,2,-17.19,10.03,53.0,2.0,6.0,19.0,0.0,4.6,3.25,P < 0.5%,P < 0.5%,Outside Normal Limits,Gaze/Blind Spot,Central 24-2 Threshold Test,SITA Standard,III,0.0
hvf_and)rnfl_gcc\HVF\Severe\19.dcm,2595709,L,20241015,M,58.3,Severe,2,-13.33,8.78,68.0,1.0,7.0,19.0,0.0,5.9,3.0,P < 0.5%,P < 0.5%,Outside Normal Limits,Gaze/Blind Spot,Central 24-2 Threshold Test,SITA Standard,III,0.0
hvf_and)rnfl_gcc\HVF\Severe\2.dcm,482832,R,20251209,M,68.9,Severe,2,-16.0,12.11,64.0,1.0,0.0,17.0,1.0,7.9,0.0,P < 0.5%,P < 0.5%,Outside Normal Limits,Gaze/Blind Spot,Central 24-2 Threshold Test,SITA Standard,III,0.0588
hvf_and)rnfl_gcc\HVF\Severe\20.dcm,3018602,R,20250930,M,48.3,Severe,2,-14.53,13.03,66.0,1.0,0.0,19.0,0.0,7.7,3.25,P < 0.5%,P < 0.5%,Outside Normal Limits,Gaze/Blind Spot,Central 24-2 Threshold Test,SITA Standard,III,0.0
hvf_and)rnfl_gcc\HVF\Severe\21.dcm,3025883,L,20250121,F,68.4,Severe,2,-13.85,13.11,54.0,0.0,0.0,17.0,0.0,4.9,1.75,P < 0.5%,P < 0.5%,Outside Normal Limits,Gaze/Blind Spot,Central 24-2 Threshold Test,SITA Standard,III,0.0
hvf_and)rnfl_gcc\HVF\Severe\22.dcm,3035200,R,20260310,M,32.4,Severe,2,-15.88,11.54,58.0,1.0,6.0,16.0,0.0,7.8,1.0,P < 0.5%,P < 0.5%,Outside Normal Limits,Gaze/Blind Spot,Central 24-2 Threshold Test,SITA Standard,III,0.0
hvf_and)rnfl_gcc\HVF\Severe\23.dcm,3052618,L,20260519,F,72.2,Severe,2,-28.6,7.94,12.0,2.0,-100.0,13.0,0.0,6.2,3.25,P < 0.5%,P < 0.5%,Outside Normal Limits,Gaze/Blind Spot,Central 24-2 Threshold Test,SITA Standard,III,0.0
hvf_and)rnfl_gcc\HVF\Severe\24.dcm,3054133,L,20260402,M,83.0,Severe,2,-15.1,12.53,51.0,1.0,13.0,18.0,18.0,3.3,3.25,P < 0.5%,P < 0.5%,Outside Normal Limits,Gaze/Blind Spot,Central 24-2 Threshold Test,SITA Standard,III,1.0
hvf_and)rnfl_gcc\HVF\Severe\25.dcm,3058242,R,20260326,F,50.5,Severe,2,-15.81,11.24,64.0,7.0,6.0,20.0,3.0,6.9,1.5,P < 0.5%,P < 0.5%,Outside Normal Limits,Gaze/Blind Spot,Central 24-2 Threshold Test,SITA Standard,III,0.15
hvf_and)rnfl_gcc\HVF\Severe\26.dcm,3058943,L,20250821,M,47.9,Severe,2,-26.23,8.49,19.0,4.0,28.0,16.0,4.0,8.1,2.75,P < 0.5%,P < 0.5%,Outside Normal Limits,Gaze/Blind Spot,Central 24-2 Threshold Test,SITA Standard,III,0.25
hvf_and)rnfl_gcc\HVF\Severe\27.dcm,3059051,L,20241119,M,57.7,Severe,2,-31.2,4.24,4.0,14.0,-100.0,14.0,2.0,,1.5,P < 0.5%,P < 0.5%,Outside Normal Limits,Blind Spot,Central 24-2 Threshold Test,SITA Standard,III,0.1429
hvf_and)rnfl_gcc\HVF\Severe\28.dcm,3059236,L,20241219,F,64.0,Severe,2,-12.65,9.93,63.0,2.0,6.0,19.0,1.0,10.6,6.25,P < 0.5%,P < 0.5%,Outside Normal Limits,Gaze/Blind Spot,Central 24-2 Threshold Test,SITA Standard,III,0.0526
hvf_and)rnfl_gcc\HVF\Severe\29.dcm,3059303,R,20241213,M,65.0,Severe,2,-29.29,6.37,13.0,2.0,-100.0,12.0,0.0,5.9,0.0,P < 0.5%,P < 0.5%,Outside Normal Limits,Gaze/Blind Spot,Central 24-2 Threshold Test,SITA Standard,III,0.0
hvf_and)rnfl_gcc\HVF\Severe\3.dcm,526429,R,20241202,F,82.1,Severe,2,-21.53,10.39,36.0,5.0,13.0,16.0,4.0,4.3,2.0,P < 0.5%,P < 0.5%,Outside Normal Limits,Gaze/Blind Spot,Central 24-2 Threshold Test,SITA Standard,III,0.25
hvf_and)rnfl_gcc\HVF\Severe\30.dcm,3059473,R,20250102,F,44.0,Severe,2,-16.49,7.86,52.0,2.0,0.0,19.0,2.0,5.2,0.75,P < 0.5%,P < 0.5%,Outside Normal Limits,Gaze/Blind Spot,Central 24-2 Threshold Test,SITA Standard,III,0.1053
hvf_and)rnfl_gcc\HVF\Severe\31.dcm,3491383,R,20241105,F,43.8,Severe,2,-27.11,9.91,22.0,0.0,-100.0,17.0,2.0,5.5,1.5,P < 0.5%,P < 0.5%,Outside Normal Limits,Gaze/Blind Spot,Central 24-2 Threshold Test,SITA Standard,III,0.1176
hvf_and)rnfl_gcc\HVF\Severe\32.dcm,4513178,L,20231003,M,65.7,Severe,2,-14.32,13.66,72.0,2.0,6.0,16.0,0.0,7.7,5.0,P < 0.5%,P < 0.5%,Outside Normal Limits,Gaze/Blind Spot,Central 24-2 Threshold Test,SITA Standard,III,0.0
hvf_and)rnfl_gcc\HVF\Severe\33.dcm,5063020,R,20260408,M,57.1,Severe,2,-26.03,9.32,24.0,1.0,0.0,16.0,13.0,7.3,3.0,P < 0.5%,P < 0.5%,Outside Normal Limits,Gaze/Blind Spot,Central 24-2 Threshold Test,SITA Standard,III,0.8125
hvf_and)rnfl_gcc\HVF\Severe\34.dcm,5063020,L,20260408,M,57.1,Severe,2,-13.17,6.18,74.0,5.0,10.0,18.0,8.0,7.6,2.5,P < 0.5%,P < 0.5%,Outside Normal Limits,Gaze/Blind Spot,Central 24-2 Threshold Test,SITA Standard,III,0.4444
hvf_and)rnfl_gcc\HVF\Severe\4.dcm,915908,R,20250930,F,76.0,Severe,2,-17.6,12.01,52.0,6.0,13.0,16.0,5.0,5.1,3.25,P < 0.5%,P < 0.5%,Outside Normal Limits,Gaze/Blind Spot,Central 24-2 Threshold Test,SITA Standard,III,0.3125
hvf_and)rnfl_gcc\HVF\Severe\5.dcm,939484,R,20260516,F,53.5,Severe,2,-18.83,11.08,51.0,0.0,0.0,16.0,1.0,10.0,9.5,P < 0.5%,P < 0.5%,Outside Normal Limits,Gaze/Blind Spot,Central 24-2 Threshold Test,SITA Standard,III,0.0625
hvf_and)rnfl_gcc\HVF\Severe\6.dcm,979259,R,20240423,M,85.1,Severe,2,-29.8,3.24,4.0,6.0,-100.0,12.0,1.0,5.9,2.25,P < 0.5%,P < 1%,Outside Normal Limits,Blind Spot,Central 24-2 Threshold Test,SITA Standard,III,0.0833
hvf_and)rnfl_gcc\HVF\Severe\7.dcm,979259,L,20240423,M,85.1,Severe,2,-17.46,12.36,46.0,1.0,13.0,16.0,13.0,5.0,3.0,P < 0.5%,P < 0.5%,Outside Normal Limits,Blind Spot,Central 24-2 Threshold Test,SITA Standard,III,0.8125
hvf_and)rnfl_gcc\HVF\Severe\8.dcm,1028746,L,20240305,F,69.6,Severe,2,-14.07,10.02,67.0,6.0,6.0,20.0,4.0,7.3,2.75,P < 0.5%,P < 0.5%,Outside Normal Limits,Gaze/Blind Spot,Central 24-2 Threshold Test,SITA Standard,III,0.2
hvf_and)rnfl_gcc\HVF\Severe\9.dcm,1035757,R,20250104,M,72.9,Severe,2,-24.69,10.57,22.0,1.0,9.0,15.0,3.0,7.9,3.25,P < 0.5%,P < 0.5%,Outside Normal Limits,Gaze/Blind Spot,Central 24-2 Threshold Test,SITA Standard,III,0.2
