si_no,age,gender,eye,severity_label_str,severity_label,Average_RNFL,RNFL_Superior,RNFL_Inferior,RNFL_Nasal,RNFL_Temporal,Average_GCC,GCC_Superior,GCC_Inferior,GCC_Supero_nasal,GCC_Supero_temporal,GCC_Infero_nasal,GCC_Infero_temporal
1,62,Male,OD,SEVERE,2,51,52,55,55,43,57,54,56,58,55,59,59
2,62,Male,OS,MILD,0,54,77,74,62,44,65,59,69,64,56,74,68
3,76,Male,OD,MODERATE,1,60,69,51,49,70,65,57,66,86,58,75,49
4,76,Male,OS,MILD,0,63,74,80,54,43,60,69,43,71,65,57,53
5,60,Male,OD,MILD,0,65,84,65,56,53,58,62,49,72,58,64,42
6,60,Male,OS,MILD,0,69,86,80,70,41,60,59,58,70,54,65,54
7,30,Female,OD,MILD,0,77,102,91,63,51,65,63,61,69,64,65,66
8,30,Female,OS,MILD,0,81,104,97,75,46,67,70,61,72,67,67,67
9,73,Female,OD,MILD,0,61,61,85,46,51,66,58,70,67,62,74,66
10,73,Female,OS,MILD,0,78,80,100,60,71,68,78,34,99,70,71,58
11,49,Male,OD,SEVERE,2,52,52,55,49,52,57,56,51,65,56,60,54
12,49,Male,OS,MILD,0,71,82,85,66,50,75,71,74,84,71,80,71
13,78,Male,OS,MILD,0,74,86,82,69,60,65,65,59,61,74,59,70
14,55,Female,OD,MILD,0,72,80,95,72,43,70,70,64,75,68,73,69
15,55,Female,OS,MILD,0,74,81,97,73,48,70,70,64,76,69,73,66
16,78,Female,OD,MILD,0,59,75,54,50,59,61,68,51,73,62,65,47
17,78,Female,OS,MILD,0,67,93,76,57,43,61,53,45,48,59,53,47
18,68,Male,OD,MODERATE,1,60,69,50,49,70,64,57,66,86,58,74,49
19,68,Male,OS,SEVERE,2,51,52,54,55,43,57,54,55,58,55,59,59
20,30,Male,OD,MILD,0,85,91,110,70,72,79,78,76,79,81,80,80
21,30,Male,OS,MILD,0,82,111,88,62,65,76,75,72,77,77,75,79
22,70,Female,OD,SEVERE,2,69,104,67,68,37,52,55,47,56,55,53,45
23,70,Female,OS,MODERATE,1,76,117,76,66,43,57,56,55,56,60,56,60
24,48,Male,OD,MILD,0,61,70,60,49,63,63,67,63,64,65,59,62
25,48,Male,OS,SEVERE,2,50,62,41,46,52,54,59,53,54,53,51,57
26,67,Female,OD,MILD,0,93,114,116,56,84,88,91,85,93,84,90,87
27,67,Female,OS,MILD,0,83,102,97,59,74,86,90,83,91,83,89,81
28,45,Female,OD,SEVERE,2,50,47,55,51,47,47,44,47,54,42,50,43
29,45,Female,OS,MODERATE,1,49,47,50,56,42,56,59,50,65,57,55,49
30,69,Male,OD,MILD,0,59,61,70,59,46,62,64,52,67,66,62,60
31,69,Male,OS,MILD,0,56,65,53,61,43,60,55,52,74,58,64,55
32,52,Female,OD,MILD,0,71,89,97,56,40,67,68,67,63,71,63,71
33,52,Female,OS,MILD,0,76,99,110,52,41,66,68,69,61,68,62,71
34,44,Female,OD,MILD,0,69,77,76,68,56,60,65,53,65,62,51,62
35,44,Female,OS,MILD,0,78,92,85,63,72,69,79,60,76,73,68,59
36,44,Male,OD,MILD,0,72,89,92,54,52,72,70,71,75,69,76,69
37,44,Male,OS,MILD,0,75,101,94,58,48,71,73,68,78,68,71,70
38,67,Male,OD,MILD,0,80,100,91,60,70,78,79,74,79,80,78,77
39,67,Male,OS,MILD,0,72,80,77,62,70,72,70,75,78,64,76,71
40,77,Female,OD,MODERATE,1,76,107,69,64,63,67,78,51,83,72,71,49
41,77,Female,OS,MODERATE,1,80,102,87,73,58,66,75,51,80,71,70,46
42,59,Male,OD,MILD,0,80,101,91,60,70,78,79,73,79,81,78,77
43,59,Male,OS,SEVERE,2,51,62,41,45,52,54,57,53,54,52,51,57
44,53,Male,OD,MILD,0,69,87,67,66,56,73,86,62,84,79,76,52
45,53,Male,OS,MILD,0,73,94,71,80,49,67,80,46,82,80,62,51
46,37,Male,OD,MILD,0,89,121,106,65,66,79,83,73,87,81,86,62
47,37,Male,OS,MILD,0,81,124,86,57,57,78,86,67,88,81,77,67
48,59,Male,OD,MODERATE,1,64,77,65,56,58,71,63,75,75,66,77,69
49,59,Male,OS,MILD,0,82,86,115,59,67,85,81,85,88,81,88,86
50,48,Female,OD,MILD,0,82,86,116,61,64,75,75,74,76,73,76,75
51,48,Female,OS,MILD,0,81,86,117,66,54,75,76,73,74,76,76,74
52,57,Male,OD,SEVERE,2,71,78,79,76,50,58,55,65,57,54,61,56
53,57,Male,OS,SEVERE,2,98,100,124,80,87,88,86,82,87,94,83,98
54,53,Male,OD,MILD,0,93,112,122,84,56,79,81,80,83,73,82,77
55,53,Male,OS,MILD,0,85,95,109,92,45,78,77,80,78,74,80,79
56,40,Male,OD,MILD,0,70,62,80,48,91,70,67,70,75,60,77,73
57,40,Male,OS,MILD,0,68,77,54,49,94,69,71,67,76,57,73,68
58,66,Male,OD,MILD,0,62,84,66,50,46,62,67,53,69,61,65,56
59,66,Male,OS,MILD,0,73,90,81,66,55,69,72,66,71,70,67,70
60,70,Male,OS,MILD,0,99,126,126,81,63,88,91,89,92,84,91,83
61,71,Female,OS,SEVERE,2,98,100,124,80,87,86,86,80,87,93,83,97
62,76,Female,OD,SEVERE,2,52,61,45,48,55,48,23,62,43,37,71,50
63,76,Female,OS,MODERATE,1,56,58,58,51,59,60,54,58,75,49,68,57
64,71,Female,OD,MILD,0,62,55,77,63,55,68,63,68,72,62,71,71
65,71,Female,OS,SEVERE,2,52,54,51,50,53,57,56,59,59,56,58,56
66,81,Male,OD,MILD,0,61,70,65,59,50,66,67,65,66,69,64,68
67,66,Male,OD,SEVERE,2,53,60,56,47,48,43,43,45,40,44,40,44
68,66,Male,OS,MILD,0,76,98,85,73,48,68,67,67,68,71,71,66
69,60,Male,OS,SEVERE,2,52,54,50,50,53,72,70,71,82,63,81,66
70,45,Female,OD,MILD,0,87,103,98,68,79,90,88,87,116,78,89,79
71,45,Female,OS,MILD,0,86,98,104,66,78,94,86,97,114,76,96,94
72,67,Male,OD,MILD,0,69,65,106,54,52,62,61,61,65,57,64,64
73,67,Male,OS,MILD,0,74,93,92,57,54,64,65,63,66,64,65,62
74,74,Male,OD,MILD,0,107,139,122,93,72,84,85,82,91,80,89,77
75,74,Male,OS,MILD,0,99,134,119,80,65,81,85,79,87,78,87,70
76,83,Female,OD,SEVERE,2,53,43,49,55,66,54,69,42,50,58,59,49
77,83,Female,OS,MILD,0,98,115,137,70,71,75,77,75,71,78,71,79
78,50,Male,OD,MILD,0,79,83,107,46,80,82,79,82,87,75,85,83
79,50,Male,OS,MILD,0,65,71,67,52,70,82,81,82,87,77,87,81
80,64,Male,OD,MILD,0,59,82,53,58,43,63,67,57,70,67,58,59
81,64,Male,OS,MILD,0,74,103,89,56,48,72,73,68,76,74,70,74
82,42,Female,OD,MILD,0,90,124,100,76,60,85,86,84,89,81,87,82
83,42,Female,OS,MODERATE,1,65,84,60,65,50,71,85,53,90,72,73,51
84,29,Male,OD,MILD,0,86,111,110,74,50,81,80,79,82,81,79,84
85,29,Male,OS,MILD,0,87,115,110,77,47,81,77,79,78,83,84,85
86,65,Female,OS,SEVERE,2,74,84,61,85,64,50,52,51,47,54,48,50
87,83,Male,OD,MODERATE,1,70,76,80,67,55,81,81,62,80,122,65,76
88,83,Male,OS,SEVERE,2,73,84,60,85,64,51,52,56,74,36,46,44
89,71,Male,OD,MODERATE,1,94,112,121,70,73,90,91,87,97,86,92,89
90,71,Male,OS,MODERATE,1,81,99,83,64,76,90,89,89,96,86,94,88
91,60,Male,OD,MILD,0,74,99,92,56,49,71,68,68,75,69,75,69
92,60,Male,OS,MILD,0,75,104,94,53,47,70,68,66,78,65,74,69
93,35,Male,OD,MILD,0,98,122,126,79,67,91,93,90,91,92,88,92
94,35,Male,OS,MILD,0,103,144,138,69,62,90,91,86,91,91,88,91
95,82,Female,OD,MILD,0,65,73,68,63,58,69,68,65,82,63,76,59
96,82,Female,OS,MODERATE,1,67,75,76,61,57,68,74,63,78,62,74,58
97,49,Male,OS,MILD,0,77,87,101,56,63,72,69,69,72,71,74,75
98,60,Male,OD,MODERATE,1,86,104,112,71,55,74,71,77,76,65,77,79
99,60,Male,OS,MODERATE,1,102,125,106,90,87,72,71,88,75,65,77,78
100,49,Female,OD,MILD,0,77,96,87,69,57,70,70,67,72,69,69,72
101,49,Female,OS,MILD,0,75,93,94,67,46,71,72,68,74,68,69,73
102,50,Female,OD,SEVERE,2,53,64,51,54,43,50,44,48,57,49,50,52
103,50,Female,OS,MODERATE,1,57,71,54,58,45,67,68,62,81,54,78,60
104,32,Male,OD,SEVERE,2,66,70,59,55,79,62,64,55,74,59,61,57
105,32,Male,OS,MODERATE,1,91,99,85,77,104,86,84,86,96,80,93,75
106,81,Female,OD,MILD,0,76,77,98,66,64,71,71,75,73,63,72,72
107,81,Female,OS,MILD,0,93,109,130,74,60,78,79,76,77,80,74,83
108,66,Male,OD,MILD,0,82,85,99,73,73,78,85,74,82,80,84,66
109,66,Male,OS,SEVERE,2,82,69,62,75,82,78,84,67,90,81,86,58
110,50,Male,OD,MILD,0,88,99,126,72,55,82,83,84,86,78,82,80
111,50,Male,OS,MILD,0,89,100,122,82,50,81,83,82,84,78,81,79
112,87,Male,OD,SEVERE,2,53,50,47,62,52,61,67,60,64,61,64,52
113,87,Male,OS,SEVERE,2,52,58,54,56,40,51,48,55,51,46,55,52
114,72,Female,OD,SEVERE,2,55,61,48,65,45,60,64,52,75,49,73,45
115,72,Female,OS,MILD,0,115,164,125,121,50,74,76,72,77,70,75,77
116,55,Male,OD,MILD,0,77,95,94,69,52,76,67,79,82,70,79,76
117,55,Male,OS,MILD,0,71,89,79,66,51,77,75,81,81,73,71,83
118,49,Female,OD,MILD,0,69,95,88,50,43,64,64,63,66,63,62,67
119,49,Female,OS,MILD,0,73,91,95,57,49,67,69,65,68,69,65,67
120,66,Male,OD,MILD,0,81,95,113,60,57,78,79,80,84,72,80,73
121,66,Male,OS,MILD,0,81,82,98,52,51,77,77,74,82,75,76,78
122,69,Female,OD,MILD,0,94,103,121,105,45,64,63,61,70,65,64,63
123,69,Female,OS,MILD,0,98,114,137,86,53,83,76,78,82,82,80,100
124,27,Male,OD,MILD,0,71,96,86,55,49,71,71,72,69,73,70,72
125,27,Male,OS,MILD,0,77,98,103,62,45,72,71,72,69,74,70,74
126,52,Female,OD,MILD,0,85,100,120,54,65,71,72,70,72,70,72,70
127,52,Female,OS,MILD,0,74,101,76,67,51,66,72,64,71,68,72,52
128,67,Male,OD,MILD,0,73,73,98,57,66,82,81,81,84,84,83,80
129,62,Male,OD,MILD,0,89,107,87,81,82,81,81,78,86,83,84,72
130,62,Male,OS,MILD,0,84,111,76,77,74,76,78,76,81,74,78,68
131,71,Female,OD,SEVERE,2,63,88,60,57,46,60,68,53,71,62,54,50
132,71,Female,OS,MILD,0,71,93,81,57,53,62,68,51,71,63,64,52
133,74,Male,OD,MILD,0,84,111,93,62,68,76,81,76,72,77,80,73
134,74,Male,OS,MILD,0,69,92,68,59,59,66,77,51,78,74,67,52
135,72,Female,OS,MILD,0,67,71,85,72,39,67,66,69,72,59,72,65
136,87,Male,OD,MILD,0,69,76,76,64,61,70,65,70,77,61,76,69
137,45,Female,OD,SEVERE,2,55,67,52,54,47,49,50,53,46,49,51,46
138,45,Female,OS,MILD,0,78,99,92,57,66,77,74,77,80,71,81,79
139,80,Male,OD,MILD,0,92,101,123,85,59,70,68,63,74,71,76,69
140,80,Male,OS,MILD,0,82,93,102,73,59,84,81,90,83,77,87,85
141,64,Female,OD,MILD,0,93,91,115,80,87,81,81,81,85,77,84,79
142,64,Female,OS,MILD,0,80,73,92,82,72,74,80,67,81,76,74,67
143,71,Male,OD,MILD,0,70,82,71,64,65,77,78,71,86,73,84,70
144,71,Male,OS,MILD,0,83,99,95,73,64,81,82,78,87,79,82,80
145,62,Male,OD,MILD,0,71,84,89,67,45,65,63,64,66,68,61,69
146,62,Male,OS,MILD,0,69,89,85,59,43,67,67,63,68,70,65,69
147,73,Male,OD,SEVERE,2,59,65,62,63,47,48,49,48,50,46,47,50
148,73,Male,OS,SEVERE,2,55,64,50,60,46,46,44,48,48,43,47,45
149,72,Female,OD,MILD,0,79,99,81,66,72,82,86,77,99,76,84,72
150,72,Female,OS,MILD,0,70,84,61,57,77,73,80,69,82,73,75,58
151,86,Male,OD,SEVERE,2,62,70,60,56,60,18,14,10,13,29,10,29
152,86,Male,OS,SEVERE,2,52,52,57,49,50,48,52,47,48,46,47,49
153,69,Male,OD,SEVERE,2,78,87,72,56,95,61,57,62,76,51,70,49
154,69,Male,OS,MODERATE,1,56,57,64,52,50,58,57,61,57,52,64,56
155,49,Male,OS,MODERATE,1,54,75,54,46,40,54,63,50,63,51,51,47
156,63,Male,OD,MODERATE,1,81,92,69,73,90,66,62,58,88,53,72,59
157,63,Male,OS,MODERATE,1,85,111,69,80,80,72,84,60,90,71,69,56
158,53,Female,OD,SEVERE,2,53,69,99,20,80,64,64,62,97,58,53,52
159,53,Female,OS,MODERATE,1,69,80,90,50,66,88,92,62,103,94,83,97
160,69,Female,OD,MODERATE,1,74,94,58,78,65,66,76,48,84,75,66,47
161,69,Female,OS,SEVERE,2,65,75,55,69,63,60,64,47,81,62,64,45
162,88,Male,OD,MODERATE,1,73,89,78,56,69,69,60,73,62,78,64,76
163,88,Male,OS,MILD,0,74,85,85,63,64,63,62,61,64,64,64,65
164,51,Female,OS,MILD,0,71,92,83,64,47,64,65,55,72,67,65,60
165,66,Female,OD,MILD,0,87,91,106,73,81,70,74,71,65,70,67,70
166,66,Female,OS,MILD,0,91,114,104,83,61,85,87,84,88,83,84,85
167,61,Female,OD,MODERATE,1,61,74,64,65,41,60,61,60,67,52,65,53
168,61,Female,OS,MILD,0,91,115,124,85,41,66,68,65,66,69,65,66
169,64,Female,OD,MILD,0,71,83,75,59,67,62,61,59,68,59,63,59
170,32,Male,OD,MILD,0,66,69,74,59,61,70,67,66,78,67,74,70
171,32,Male,OS,MILD,0,66,71,77,52,62,70,66,64,74,72,71,73
