patient_id,sample_id,true_label,pred_label,prob_normal,prob_early,prob_progressive
0009,0009,early,early,0.10806389898061752,0.7218213677406311,0.17011471092700958
0018,0018,progressive,progressive,0.0013149563455954194,0.18070194125175476,0.817983090877533
0024,0024,progressive,progressive,0.0003153170400764793,0.0537254698574543,0.9459592700004578
0025,0025,early,early,0.25715580582618713,0.4965958297252655,0.2462483048439026
0026,0026,normal,normal,0.9447746872901917,0.03669017553329468,0.018535155802965164
0037,0037,normal,early,0.3813686668872833,0.4314068555831909,0.18722449243068695
0038,0038,normal,normal,0.9887673258781433,0.00776993203908205,0.0034627728164196014
0043,0043,early,progressive,0.00017867935821413994,0.0523533821105957,0.9474679231643677
0044,0044,early,progressive,0.009282972663640976,0.39916226267814636,0.5915548205375671
0045,0045,normal,early,0.21033965051174164,0.41185563802719116,0.377804696559906
0048,0048,normal,normal,0.9958957433700562,0.0028911777772009373,0.001213095965795219
0052,0052,normal,normal,0.9505261182785034,0.031951092183589935,0.017522742971777916
0055,0055,normal,normal,0.995857298374176,0.002835409017279744,0.0013072887668386102
0058,0058,progressive,early,0.00439461600035429,0.5096274018287659,0.48597797751426697
0066,0066,normal,normal,0.9896120429039001,0.007740732282400131,0.0026471861638128757
0069,0069,normal,normal,0.9792561531066895,0.0143902488052845,0.006353624165058136
0075,0075,progressive,progressive,0.0007319608121179044,0.14493586122989655,0.8543321490287781
0086,0086,progressive,progressive,0.0001184622451546602,0.03803301230072975,0.9618484973907471
0091,0091,normal,normal,0.9835852384567261,0.011567298322916031,0.004847480915486813
0097,0097,early,early,0.1675252616405487,0.6972525715827942,0.1352221518754959
